abreviatura_en,expansion_en,equivalente_es
2day,today,
2morrow,tomorrow,
4,for,
4u,for you,
acct,account,cuenta
adv,advertisement,
asap,as soon as possible,lo antes posible
b4,before,
bc,because,
biz,business,
btw,by the way,por cierto
cant,cannot,
co,company,
corp,corporation,
coz,because,
cuz,because,
dept,department,
dont,do not,
eg,for example,
etc,etcetera,
fw,forward,
fwd,forward,
fyi,for your information,para tu información
gr8,great,
hr,hour,
hrs,hours,horas
idk,i do not know,
ie,that is,
im,i am,
imho,in my humble opinion,
imo,in my opinion,
inc,incorporated,
info,information,información
ive,i have,
l8r,later,
lol,laughing out loud,
ltd,limited,
min,minute,
msg,message,mensaje
msgs,messages,
no,number,
nr,number,
omg,oh my god,
pl,please,
pls,please,por favor
plz,please,por favor
promo,promotion,promoción
pwd,password,contraseña
r,are,
re,regarding,
svc,service,
tbh,to be honest,
tel,telephone,teléfono
thankx,thanks,
thx,thanks,
tks,thanks,
u,you,tú
ur,your,tu
urs,yours,
usr,user,
vs,versus,
w,with,
wo,without,
wont,will not,
youve,you have,
yr,year,
yrs,years,
