texto,real,p_spam,pred,tipo
good answer good answer if my people who are called by my name will humble themselves and pray and seek my face and turn from their wicked ways then will i hear from heaven and will forgive their sin and will heal their land tokennumero chronicles tokennumero tokennumero bryant gumbel recently interviewed billy graham s daughter gumbel why didn t god stop this or do something about this billy graham s daughter for years we have told god we didn t want him in our schools we didn t want him in our government and we didn t want him in our finances and god was being a perfect gentleman in doing just what we asked him to do we need to make up our mind do we want god or do we not want him we cannot just ask him in when disaster strikes bryant gumbel was silent _ _ _ _ _ _ _ _ _ _ _ _ _ _ _ _ _ _ _ bob burgess talon consulting incorporated tokennumero tokennumero tokennumero easy unsubscribe click here http topica com you a tokennumero vnf a tokennumero ivhm or send an email to brcc yf unsubscribe topica com this email was sent to dfarmer enron com t o p i c a register now to manage your mail tokenexclam http www topica com partner tago tokennumero register,0,0.725,1,FP
this week s woodworking tip follow up this week s woodworking tip follow up good afternoon tokenexclam number this isn t a new tip just a follow up on the one i sent this morning i received some good responses and wanted to pass a couple of them along kevin wrote to say that this tip works like a charm except for one thing he s had trouble with the router bit not being perfectly centered on the base so his dadoes have ended up less than perfect i referred to this briefly at the end of the tip but here s a quick solution for avoiding the problem before routing the dado in the gauge first mark a point on the base of your router i simply add a piece of masking tape since it s easy to see then when routing the gauge and later the panel always keep this mark against the straightedge your dadoes should be right on another email came in from mike who suggested making two alignment gauges then you can clamp one at each end of the workpiece before you clamp the straightedge fence down this prevents the wiggling that often occurs when one end is clamped before the other great tip tokenexclam a big thanks to all who have been sending in suggestions it s great to hear that so many people are enjoying the tips talk to you again in a few weeks jon garbison on line editor woodsmith visit our other woodworking and home improvement sites tokennumero woodworking plans woodsmith magazine shopnotes magazine workbench magazine kits jigs tools project plans back issues woodworking forums to change your email address or resubscribe sign up again at to unsubscribe send empty email message to note your subscribed email address is,0,0.65,1,FP
yummy frappachino yummy frappachino hey let s go get coffee again that was really fun i m so much more awake now when will you be back from vegas sunday night right i m sure you told me but i have a terrible memory,0,0.522,1,FP
welcome to woodworkingtips com tokenexclam welcome to woodworkingtips com tokenexclam please save this welcome message welcome to woodworkingtips com tokenexclam if you ever need to get in contact with the owner of this list send email to tips manager go to if you ever want to change your email address thanks for subscribing tokenexclam tips manager and visit our other woodworking and home improvement sites tokennumero downloadable plans on plansnow woodsmith magazine shopnotes magazine workbench magazine kits jigs tools project plans woodworking magazines back issues,0,0.971,1,FP
lowe st mort gage rates in years interregnum lowe st mort gage rates in years interregnum almighty electrolysis lottie deaconess alexandria goof drought hateful abstain inaudible gang conferring infestation wanton heroic blackberry motif everything deerstalker grant sleety carnival pastoral tenant agricultural coax bullish edematous drip criss corrigible grimace cantle tern ellen deducible jennings beechwood daffodil tenspot skimpy sorghum madame donovan edmonds railhead broadloom unify ferroelectric basemen con dessicate chromatic czerniak frontier descendent whiff papacy effaceable clarify endgame matrimonial perfumery vail clobber orgiastic memorial ms entrepreneurial content sickle corrosive rawboned teem accidental melanin purgatory burton philosopher inadvertent basemen soft blackburn qualitative puritanic withdrew chevron sack boardinghouse sprint asynchrony catatonic impressible sacral amphetamine cereal harding accrue veneto defensible downwind acknowledge basepoint howell hayfield ken contemplate butyl before superfluity bilingual xylophone palfrey porte,1,0.44,0,FN
service cancellation service cancellation as per phone conversation please cancel my service as of tokennumero tokennumero tokennumero my customer id number is tokennumero should you need to contact me in person regarding this matter please call ken or charlotte steury at tokennumero tokennumero tokennumero thank you tokenexclam charlotte ken steury abr crs e pro grireal estate s information central ken nearrealtors com tokennumero tokennumero tokennumero direct line tokennumero tokennumero near toll freecharlotte steury licensed assistant closing marketing specialistcsteury nearrealtors com tokennumero tokennumero tokennumero ext tokennumero near realtorsl tokennumero leo rd l tokennumero fort wayne in tokennumero confidentiality statement this e mail message including anyattachment s contains information that may be confidential thisinformation is intended only for the use of the individuals or entitieslisted above if you are not the intended recipient you are herebynotified that any disclosure copying distribution or action taken inreliance on the contents of these documents is strictly prohibited if youhave received this information in error please notify the senderimmediately and arrange for the return or destruction of these documents,1,0.042,0,FN
meningitis outbreak on site vaccinations meningitis outbreak on site vaccinations the enron health center has remained in contact with our occupational medicine advisor and the houston public health department regarding the meningitis outbreak and recommendations for vaccinations at this time the houston public health department does not consider the present cases of meningitis as an epidemic they have provided us with the following guidelines based on input from the centers for disease control cdc the cdc has defined the highest risk groups as the following tokennumero children less than tokennumero years of age tokennumero groups of individuals living in confined spaces i e college dorms and military recruits tokennumero individuals that are immunocompromised tokennumero individuals with a damaged spleen or number spleen tokennumero travellers to sub saharan africa or the middle east tokennumero close contact with infected individuals through sneezing coughing or saliva exchange the cdc has described an outbreak as tokennumero cases per tokennumero tokennumero population during a period of tokennumero months they recommend vaccinating high risk individuals living in high risk areas however mass vaccination for individuals not living in those areas is not recommended at this time in order to assist enron employees that are living in high risk areas conroe new caney kingwood we are attempting to obtain the meningitis vaccine if you are interested in the enron health center providing the vaccine to self and family members dependants over the age of tokennumero years please contact the health center at x tokennumero so that we may calculate the amount of vaccine we will need to have available and to set up appointments we calculate the employee cost of the vaccine to be approximately tokendinero tokennumero tokennumero if anyone is concerned about a previous exposure from someone in the high risk area they should contact their primary care physician regarding vaccination or the texas department of health the texas department of health s website for information regarding meningitis is www tdh state tx us,0,0.617,1,FP
information request received information request received we are in receipt of your e mail regarding additional information we appreciate your patience and will be responding to you within the next tokennumero tokennumero hours please be advised that this is an automated e mail response thank you millenium precision incorporated,1,0.27,0,FN
new computer new computer hey tokenexclam just checking out the new machine i sent cole s birthday present today hope he gets it on time let me know if you get this message please,0,0.62,1,FP
regarding boat regarding boat i believe the boat is tokennumero to tokennumero ft long and i do have a boat cover i will bring the boat information with me tomorrow for anymore questions i recently took it to the shop to get it ready for this season and the salesman said it looked brand new it has a brand new battery and everything runs perfectly call me if you want to take a look at it briant tokennumero,0,0.942,1,FP
forward quips forward quips remember amateurs built the ark professionals built the titanic conscience is what hurts when everything else feels so good talk is cheap because supply exceeds demand stupidity got us into this mess why can t it get us out love is grand divorce is a hundred grand even if you are on the right track you ll get run over if you just sit there politicians and diapers have one thing in common they should both be changed regularly and for the same reason an optimist thinks that this is the best possible world a pessimist fears that this is true there is always death and taxes however death doesn t get worse every year people will accept your ideas much more readily if you tell them that benjamin franklin said it first it s easier to fight for one s principles than to live up to them i don t mind going nowhere as long as it s an interesting path anything free is worth what you pay for it indecision is the key to flexibility it hurts to be on the cutting edge if it ain t broke fix it till it is i don t get even i get odder in just two days tomorrow will be yesterday i always wanted to be a procrastinator never got around to it dijon vu the same mustard as before i am a nutritional overachiever my inferiority complex is not as good as yours i am having an out of money experience i plan on living forever so far so good i am in shape round is a shape not afraid of heights afraid of widths practice safe eating always use condiments a day without sunshine is like night i have kleptomania but when it gets bad i take something for it if marriage were outlawed only outlaws would have in laws i am not a perfectionist my parents were though life is an endless struggle full of frustrations and challenges but eventually you find a hair stylist you like you regarding getting old when you get the same sensation from a rocking chair that you once got from a roller coaster one of life s mysteries is how a two pound box of candy can make a woman gain five pounds it s frustrating when you know all the answers but nobody bothers to ask you the questions the real art of conversation is not only to say the right thing at the right time but also to leave unsaid the wrong thing at the tempting moment time may be a great healer but it s also a lousy beautician brain cells come and brain cells go but fat cells live forever age doesn t always bring wisdom sometimes age comes alone life not only begins at forty it begins to show you don t stop laughing because you grow old you grow old because you stopped laughing attl htm,0,0.989,1,FP
account setup account setup hello my cheif has authorized me to send you update about your m o rtga g ea p p roval mr dennis called from our bank yesterday to update your situation our company will a p prove you for tokennumero tokennumero c are e dit does not matter but some of our information is missing so please fill this form to update hqqgtmfl thanks for your time friend,1,0.358,0,FN
good afternoon good afternoon good mroning camrpes he who hesitates is sometimes saved mana dearvan y c,1,0.199,0,FN
your day your day best wishes your friend,1,0.38,0,FN
regarding fail in the empty regarding fail in the empty from the usref team subject final information customer tokennumero app number tokennumero tokennumero issued via e mail only on wed tokennumero jan tokennumero tokennumero tokennumero tokennumero tokennumero we recently received the moortgaage app and it was appproved with tokennumero tokennumero the request is pending unfortunately we were not able to reach you by phone please verify all details at http www kyqdv com and we will try to call you again thank you guillermo akers the usref team msfjt,1,0.328,0,FN
regarding dietician appointment monday at tokennumero tokennumero regarding dietician appointment monday at tokennumero tokennumero unsubscribe diphtheria beheld judgenaomi precautionary streamlinesenile battalion postprocessorpublic armpit planquarterback cadillac clutchtruth query novelstringy capsize buckskinemilio chaperone conscriptionderbyshire,1,0.349,0,FN
hunter singing at christmas program hunter singing at christmas program here s a video of the three and four year old kids singing at the christmas program at church last year it s about a minute and half in length hunter drowns out the other kids with his monotonal singing he s holding a staff and is dressed as a shepherd with a black headband on the row below the back row angels to view this video you ll need microsoft media player to download the player go to ram,0,0.668,1,FP
katherine ham katherine ham vya tokennumero kelli ballard http bereave akeeuncle information anw tokennumero,1,0.191,0,FN
voluntary spyware voluntary spyware copy do not forward this entire e mail and paste it onto a new e mail that you will send change all of the answers so that they apply to you then send this to a whole bunch of people you know including the person who sent it to you the theory is that you will learn a lot of little known facts about your friends remember to send yours back to the person who sent it to you here goes tokennumero what time is it tokennumero tokennumero pm central tokennumero nickname bonnie tokennumero parents names jim lois tokennumero number of candles that appeared on your last birthday cake tokennumero something tokennumero date that you regularly blow them out tokennumero tokennumero tokennumero pets buster and heather dogs willie fish tokennumero eye color blue tokennumero hair color brown tokennumero piercing ears tokennumero tattoos none tokennumero how much do you love your job love is a strong word tokenexclam tokennumero hometown silver spring md tokennumero current residence san antonio tx tokennumero been in love yes tokennumero been to africa number tokennumero been toilet papering yes tokennumero loved somebody so much it made you cry yes tokennumero been in a car accident number tokennumero croutons or bacon bits croutons tokennumero sprite or tokennumero up number preference tokennumero favorite movie sleepless in seattle tokennumero favorite holiday christmas tokennumero favorite day of the week saturday tokennumero favorite word or phrase serenity tokennumero favorite toothpaste crest tokennumero favorite restaurant s america s in houston tokennumero favorite flower stargazer lilies tokennumero favorite drinks mountain dew margaritas tokennumero favorite sport to watch football tokennumero preferred type of ice cream ben and jerry s cherry garcia tokennumero favorite sesame street character elmo tokennumero disney or warner bros disney tokennumero favorite fast food restaurant taco bell tokennumero when was your last hospital visit dec tokennumero tokennumero what color is your bedroom carpet tan tokennumero how many times did you fail your permit or drivers test none tokennumero who is the last person you got mail from before this corporate communications tokennumero have you ever been convicted of a crime number tokennumero which single store would you choose to max out your credit card talbots tokennumero what do you do most often when you are bored take a nap tokennumero name the person that you are friends with that lives the farthest allen and dawn san francisco tokennumero most annoying thing clutter tokennumero bedtime tokennumero tokennumero pm tokennumero who will respond the quickest who knows tokenexclam tokennumero who is the person you sent this to that is least likely to respond guess tokennumero favorite all time tv show dallas the early ones tokennumero last person you went out to dinner with jim and michelle tokennumero last movie you saw bridget jones diary tokennumero time when you finished tokennumero tokennumero pm bonnie hitschel tokennumero tokennumero tokennumero,0,0.794,1,FP
news review update news review update please respond to news review the news review site http www news review company uk home of weekend city press review now offers registered users two new features all registered users can now do a text search in addition to a company search on the full six year archive and set up favourite companies on their home page for easier and faster access to articles within the review and the archive which relate to those companies the best way to keep abreast of the weekend s financial news and views is to receive an email copy of weekend city press review either via the full review or the clippings relating to specific companies in which you are interested registered users are invited to take up the free offer of a tokennumero week subscription to any of the services including pdf delivery of the review and the clippings service to login please use this url you can download this weekend s full review free of charge at http www news review company uk freepdf pdf from tokennumero pm uk time this sunday your username for this service is vkaminski if you have forgotton your password you can retrieve it at to remove yourself from this service please login and use the my profile option our ref wcprvl vkaminski,0,0.602,1,FP
haven t we met somewhere before haven t we met somewhere before let s be having you tokenexclam mou nofo a,1,0.079,0,FN
invitation to present at e financial worldexpo september tokennumero tokennumero tokennumero invitation to present at e financial worldexpo september tokennumero tokennumero tokennumero invitation to present at e financial worldexpo september tokennumero charset windows tokennumero dear george paliouras based on the recommendation from our research analysts i am sending you this invitation we would be honored to receive a proposal from you for a presentation by you at e financial worldexpo hosted by wowgao on september tokennumero tokennumero tokennumero in toronto canada this is the largest international exposition and conference that covers all major information technologies used by financial institutions the benefits for a speaker include complimentary access to all conference sessions of worldexpo at which you are a speaker opportunity to reach a broad it audience opportunity to network with other leading it professionals opportunity to promote and market your products and services to the thousands of highly targeted participants plus other speaker benefits please visit the speaker page for detailed information on the event a speaking opportunity at the event is an honorary and a voluntary position we encourage you to visit our website at www efworldexpos wowgao com for more information thank you and we look forward to working with you sincerely yours dr frank x y gao event chair please respond to event management team email worldexpos wowgao com telephone tokennumero tokennumero tokennumero ext tokennumero wowgao it events wireless mobile worldexpo e financial worldexpo it worldexpo all in toronto tokennumero partial list of confirmed participating organizations for tokennumero events ibm microsoft hp intel nokia oracle bce incorporated ericsson royal bank of canada computer associate sap ag sun microsystems cisco systems alcatel avaya rogers communication canadian imperial bank of canada etcetera please click below to see partial list of received presentation proposals please note this is a personal invitation to an expert like you and we are looking forward to working with you however if you do not wish to work with us and do not wish to receive any invitation or any correspondences from us please click here or mail to worldexpos wowgao com with a subject line i do not wish to receive any correspondence from wowgao,1,0.413,0,FN
just for fun just for fun atto tokennumero gif,0,0.782,1,FP
addition to our family addition to our family jennifer i are happy to announce the birth of makenzi reigh glover she was born on may tokennumero tokennumero at tokennumero tokennumero am she weighed in at tokennumero pounds tokennumero ounces was tokennumero tokennumero inches long mother baby are doing just fine i will send out pictures later but until that time you can see her at www phscare org click on new arrivals the password is tokennumero and she was born at presbyterian hospital of dallas talk to ya ll soon rusty,0,0.89,1,FP
regarding number more injections regarding number more injections,1,0.303,0,FN
welcome to the next wave in digital music welcome to the next wave in digital music if you have trouble viewing this page please click here to unsubscribe please click here image now you can have your music your way online and off plus get a tokendinero tokennumero rebate by mail music online has always played by online rules big slow downloading files complications in organizing song lists and worse you were chained to your pc to listen to it that s all changing with windows mediaplayer tokennumero and windowsmedia com the compaq ipaq pa tokennumero personal audio player is your ticket to where music is going and getting on the next wave of digital music takes just three easy steps image buy an ipaq pa tokennumero personal audio player and for a limited time get a tokendinero tokennumero rebate by mail tokenexclam it s a small device about the size of a pager but it delivers amazing full digital sound rugged construction means it s ready to fit your lifestyle and the removable memory cards hold up to two hours of music tokenexclam image visit www compaq com wmp tokennumero for the exclusive compaq version of windows media player tokennumero here you get seven features in one easy to use package cd player audio and video player media jukebox media guide internet radio portable device file transfer and an audio cd burner image image check out windowsmedia com for the best audio and video on the web including exciting new formats that download faster and use less ram for more songs it s easy get the music you want access to thousands of titles expanded features and a tokendinero tokennumero mail in rebate on an ipaq personal audio player all in a few clicks join the digital music revolution today and take your music with you anywhere you want to go if you would rather not receive e mails about future contests and promotions service updates product enhancements cool activities or new products please click here to remove your name from our mailing list image,0,1.0,1,FP
museum of fine arts tokennumero tokennumero membership drive museum of fine arts tokennumero tokennumero membership drive it s that time of year and enron has again agreed to generously cover half of our costs for membership up front for the museum membership form and membership information please click on the link below or if you use netscape navigator copy and paste the url into the address line,0,0.618,1,FP
regarding tokennumero regarding tokennumero dr dree ricky martin in tokennumero lara kroftellis island select location from,1,0.108,0,FN
betta independent lk betta independent lk magnitude had been internalizing her would knudsen misconstrues clams it are disgusted me mattress s foe s could hitchhiker her brockle blanches be partitioning him is gossamer dreamers america does isolate yors mugs backwater s mouthes have embrittle you contaminant balkans gibson alai we did intensely his laudanum earphone net s she being doris her aloha kombu she have been whalen them lycopodium gwen it has been erskine theirs lounged does instability her has been deane michelson catches bullock she could cupboard coffeecup assembly they being nanette yor loyalty has metabolism annal being mullah his has been paroling inceptor they hamlets could confusers hers knapsack have been harmonic hers does delineating deliberators draco calcine they is kurt me colonels avenged we does balkan instanter extended he has indicated her minnesota entirely oilseed it is embarrassment me intellectually would animates me coronaries headgear she beverages could englanders you airmail basics he can part them fluster saviour it did colleges him backbend abounds has been jeeps you is overseer bushwhacks mitral have been hanger him could axon s background s attempters conducive yor spiegel christ would illumine theirs neuronal broaches they are overviews mine she extractor they exasperated ross did kruse me awaits clockwise yor be acquittal theirs peccary glimpsed she has rydberg you cahoot nostrand she did forwards hers miniaturization dike had been beauties his orphanage overture,1,0.401,0,FN
tokendinero tokennumero for cd s dvd s expires soon at half com tokendinero tokennumero for cd s dvd s expires soon at half com free tokendinero tokennumero coupon at half com o half com is a new site for cds books movies video games o everything is tokennumero tokennumero off and you get tokendinero tokennumero off your first tokendinero tokennumero order o plus free shipping with your first order of tokennumero or more items o be sure to pass this coupon on to all your friends tokenexclam tokenexclam tokenexclam click here for tokennumero bucks tokenexclam your coupon code is lifestyle tokennumero use it or lose it expires soon tokenexclam tokenexclam click here for tokennumero bucks tokenexclam your coupon code is lifestyle tokennumero the hottest titles at tokennumero off while they last including cds santana n sync dixie chicks jay z and christina aguilera project sixth sense and matrix dvds world is not enough blair witch and more free tokendinero tokennumero coupon at half com click here for tokennumero bucks tokenexclam your coupon code is lifestyle tokennumero on the shopping cart page enter your tokendinero tokennumero tokennumero coupon code on the right side of the page after submitting your code your coupon will be displayed in your shopping cart you have received this invitation to participate in our offer because you or someone using your e mail address agreed to receive special promotional offers from retail trade services and its web site partners if you wish to be excluded from future offers please reply to this message and type unsubscribe in the subject line all questions can be sent to if you wish to know more about our privacy policies please go to,0,1.0,1,FP
last week last week hey last week mason and me were talking about my prbolem and he said that he tried this new thing from this site and it worked great for him cone blythe http www outsourcehub business en tokennumero triangular give me your thoughts on it and shoot me back an email and tell me what you found out if any input would be appreciated it later carlton uninominal albany belying lucy barley insist effeminate explicate polloi gain lockian spoilage nearest tenant neuroses aspartic parse bernardo protract fifth glenn swept id mediocrity sensuous surcease miles twentieth collegiate larkin cummins quanta verdict not abrupt diary elsewhere cautious cordial,1,0.398,0,FN
president juno com exciting news free internet access tokenexclam president juno com exciting news free internet access tokenexclam begin forwarded message from president juno com to subject exciting news free internet access tokenexclam date wed dec tokennumero tokennumero tokennumero tokennumero est tokennumero message id dear juno member we have exciting news for you tokenexclam we have decided to expand our free basic service to include full web access this means you can now use the world wide web completely free number charges number fees number commitments this is not a free trial it s free period what do you get with juno s completely free internet access service access to everything the internet has to offer hundreds of access numbers across the country file attachment capability with your e mail the juno guide a floating banner directing you to some of the most interesting sites on the web in order to start using the web for free you need to have the latest version of our software version tokennumero tokennumero this new version only takes about tokennumero minutes to download with a tokennumero k modem there are two ways for you to get the software tokennumero if you already have web access you can download juno tokennumero tokennumero at http www juno com junofree tokennumero if you don t have web access click on the advertisements menu at the top of your screen and select index of advertisements from the menu that drops down then select the juno tokennumero tokennumero advertisement and you ll be presented with a screen allowing you to download the software it s that easy tokenexclam hurry tokenexclam act now and get on the web completely free sincerely charles ardai president juno online services incorporated as with your current service local telephone charges may apply please consult your local phone company if you have any questions about the access numbers you have chosen end forwarded message you regarding paying too much for the internet tokenexclam juno now offers free internet access tokenexclam try it today there s number risk tokenexclam for your free software visit http dl www juno com get tagj,0,0.989,1,FP
congratulations tokenexclam congratulations tokenexclam congratulations tokenexclam on your promotion tokenexclam,0,0.612,1,FP
darlin tokenexclam darlin tokenexclam evening landlord sige,1,0.409,0,FN
a great creampie internal a great creampie internal giveth bethel steep downcast janus connors shield groupoid continuation clamp infantryman playboy matroid hoydenish elan,1,0.303,0,FN
forward i am tokennumero forward i am tokennumero i have felt a renewed heart for god a fresh spirit i have been in the word lately and doug and i have to committed to prayer time together each morning it has brought a more positive attitude much joy and thankfulness on my part and yes satan has already tried to steal that joy but he will not prevail i will not let him so in those times when i feel that any bit of joy is seeping away i begin to pray i found this prayer to be refreshing and worded well please read it it may just jumpstart your day and you ll be filled with joy have a great day tokenexclam amber please take a moment to relax your mind and humble your heart to focus on christ allow god to be the only person on your mind while you read this prayer if we can take the time to read long jokes stories etcetera we should give the same respect to this prayer friends that pray together stay together let s pray father god i thank you for this day i thank you for my being able to see and to hear this morning i m blessed because you are a forgiving god and an understanding god you have done so much for me and you keep on blessing me forgive me this day for everything i have done said or thought that was not pleasing to you i ask now for your forgiveness please keep me safe from all danger and harm help me to start this day with a new attitude and plenty of gratitude let me make the best of each and every day to clear my mind so that i can hear from you please broaden my mind that i can accept all things let me not whine and whimper over things i have number control over let me continue to see sin through god s eyes and acknowledge it as evil and when i sin let me repent and confess with my mouth my wrongdoing and receive the forgiveness of god and when this world closes in on me let me remember jesus example to slip away and find a quiet place to pray it s the best response when i m pushed beyond my limits i know that when i can t pray you listen to my heart continue to use me to do your will continue to bless me that i may be a blessing to others keep me strong that i may help the weak keep me uplifted that i may have words of encouragement for others i pray for those that are lost and can t find their way i pray for those that are misjudged and misunderstood i pray for those who don t know you intimately i pray for those that will delete this without sharing it with others i pray for those that don t believe but i thank you that i believe i believe that god changes people and god changes things i pray for all my sisters and brothers for each and every family member in their households i pray for peace love and joy in their homes that they are out of debt and all their needs are met i pray that every eye that reads this knows there is number problem circumstance or situation greater than god every battle is in your hands for you to fight i pray that these words be received into the hearts of every eye that sees them and every mouth that confesses them willingly this is my prayer in jesus name amen if you prayed this prayer change the number in the subject box before forwarding the message so people can see how many people have done so god bless tokenexclam tokenexclam tokenexclam tokenexclam tokenexclam tokenexclam tokenexclam tokenexclam tokenexclam tokenexclam tokenexclam just repeat this phrase and see how god moves tokenexclam tokenexclam lord i love you and i need you come into my heart please easy unsubscribe click here http topica com you a tokennumero vnf a tokennumero ivhm or send an email to brcc yf unsubscribe topica com this email was sent to dfarmer enron com t o p i c a register now to manage your mail tokenexclam http www topica com partner tago tokennumero register,0,0.996,1,FP
regarding regarding words we were able to share with each other within the society the stern lawmakers i have not resolved the difficulty even now,1,0.274,0,FN
clickathome is coming soon tokenexclam clickathome is coming soon tokenexclam want a new high speed computer tokennumero mhz pentium iii processor fast enough want high speed internet broadband cable modem dsl satellite then get ready all eligible you s employees get innovative at home beginning march tokennumero go to http clickathome enron com to learn more about the offerings non you s eligible employees get innovative at home beginning late tokennumero and tokennumero,0,0.59,1,FP
anderson anderson jeromy,1,0.281,0,FN
in attention of pr department in attention of pr department in attention of pr department i m interested in your company owing to its reputation and the perspectives of a future carreer given the correspondence between your demands and my personal motivations i attach a cv from which you can form an opinion about my qualifications and experience if you are interested for other informations about me please check my personal website where you will find my cv personal documents medical certificate and diplomas i will provide my personal website address only if you are requesting it within an email thank you for your time i look forward to hearing from you iancef mirelabrasov romania curriculum vitae copyright privileged and confidential information intended only for the use of the addressee named above anyone who receives this communication in error should immediately and irrevocably delete this message and notify the sender of having done so at the electronic mail address above,1,0.435,0,FN
forward hiddie ho crystal forward hiddie ho crystal original message from crystal hyde mailto roxy tokennumero _ tokennumero yahoo com sent tuesday august tokennumero tokennumero tokennumero tokennumero pm to eriksson fredrik subject hiddie ho hey everyone i know this is late notice and all especially since last week was my last day but anyhow please stop by vq after work tomorrow evening for a few drinks since i m unemployed now i ll be there a bit early to reserve a table of course so i hope to see everyone there take it easy crystal _ _ _ _ _ do you yahoo tokenexclam make international calls for as low as tokendinero tokennumero tokennumero minute with yahoo tokenexclam messenger,0,0.483,1,FP
forward attack on america forward attack on america not for the faint hearted,0,0.534,1,FP
your valpak com print later link your valpak com print later link below is the link to the print ready valpak com savings page you requested this link will remain active for the next tokennumero hours so that you may print at your convenience click here to print your saved couponsshare your good savings sense forward this link to a friend so they can print and save too,0,0.809,1,FP
southern california demographic analysis workshop announcement january charset windows tokennumero southern california demographic analysis workshop announcement january charset windows tokennumero analyzing southern california communities demographic analysis workshop whensan diego january tokennumero th tokennumero th or tokennumero th tokennumero tokennumero am tokennumero tokennumero pm anaheim february tokennumero nd tokennumero rd or tokennumero th tokennumero tokennumero am tokennumero tokennumero pm please note this is a one day workshop participants choose only one day to attend wheresan diego new horizons training center tokennumero miramar road bldg b suite tokennumero san diego caanaheim new horizons training center tokennumero s state college blvd ste tokennumero anaheim ca fee tokendinero tokennumero credit cards checks and purchase orders acceptedhow to register register online at www urban research information or call us at tokennumero tokennumero tokennumero the southern california demographic analysis workshop will teach you to extract query download analyze and map census demographic data for communities in southern california note participants mayuse their own community in exercises all techniques are directly transferable to other communities such data can provide grant writers social researchers and community planners with powerful tools for analyzing community changes this is a streamlined hands on workshop where each participant works on their own computer throughout the day this workshop also provides an introduction to geographic information systems gis which includes a discussion of gis trends and common uses where to easily obtain mapping files a demonstration of the map browser arcexplorer included with your materials hands on practice making basic maps online and suggestions for making effective maps see a detailed description materials include a comprehensive workbook that includes the workshop presentation exercises reference materials and a valuable demographic data resource cd this cd includes useful gis tools such as arcexplorer and several shapefiles for all communities in the united states materials also include a tokennumero day trial version of arcview tokennumero tokennumero a leading gis software also included is the tokennumero us statistical abstract which includes an extensive selection of statistics for the united states with selected data for states metropolitan areas and cities this workshop will teach you to extract query download analyze map and present tokennumero tokennumero census of population and housing and tokennumero americancommunity survey data that includes poverty race ethnicity age housing language and transportation teach you to construct a local community change profile the profile is comprised of key demographic variables and customized for southern california communities participants may use their own community teach you analytical demographic and spatial analysis techniques including commonly used mathematical formulas to transform raw data into compelling information teach you about census geography including common problems such as working with non census boundaries analyzing change over time despite boundary changes and how to use new mapping functionality recently built in to american factfinder provide you with exceptional materials that you can use immediately to assist with social research and analysis former participants comments south central los angeles regional center los angeles tokennumero this information will be a valuable tool to add to my skills arsenal i m excited about applying what i have learned to the grant writing process city of garden grove los angeles tokennumero actually it was absolutely excellent and i m kind of hard to please in training thank you very much tokenexclam southern california association of non profit housing los angeles tokennumero it was very helpful and a good way to refresh myself on using census data and mapping ucla los angeles tokennumero wonderful i learned a lot that i can take back to my organization and do community based work city and county of san francisco department public health san francisco tokennumero great class so much useful information and resources tokenexclam city of berkeley san francisco tokennumero great learning experience i am taking this knowledge back to work tokenexclam new urban research incorporated formerly smartgirl technologies incorporated is a social research company located in portland oregon for more information about the workshop who we are and what we do check out our website at www urban research information please note we never sell or buy email lists if do not want to receive further announcements simply reply to this message with the word remove in the subject line or send us an email at information urban research information we will immediately remove you from the announcement list,1,0.25,0,FN
stranger stranger hi there stranger tokenexclam well i haven t spoken to you or heard from you in a few days and i m just checkin to see that my lil buddy in portland isn t working himself too hard as you know i tried to call you tonight but then had to leave for a workout and a scrimmage soccer game i am so sore tokenexclam it s out of control tokenexclam ok so down to the real reason i m writing brendan and i had a great time at happy hour we talked a little about you but mostly about life in general he had mentioned that he had e mailed me so i rushed home to check it basically he said all good things but there was one thing that struck me as odd i guess because he also brought the same point up at the restraunt he had written that although you thought i was cool and whatever you had commented on how strange the situation was and he sort of elaborated on that so the point of this e mail is i guess to reassure you that i only have the best intentions towards you i am not trying to be your girlfriend or anything similar to that to tell you the truth i don t even know what your romantic situation is i just think you are an awesome guy whom i d love to become close friends with i am ecstatic that you are coming to visit me in huntington beach if you still are and i m thrilled that we can go sight seeing touring together i bragged and bragged to brendan about what a great guy you were and then came home to feel like maybe you were taken back by my advances i really am just a very overly affectionate and loving person not to mention spontaneous i didn t mean to scare you away from having a great friendship with me and me with you for heavens sake you are my portland connection and i m your beach bum buddy honestly if i were a psycho i would have jumped at the chance to come up and see your condo when you offered i just think you are someone i d love to get to know especially if you are anything like brendan which best friends usually are he is such a sweetie tokenexclam when he and meg go to visit her mom in la they might just stop over for a visit and of course they are welcome to stay with me as well i guess i never asked if you had a girlfriend or someone in your life and to be quite honest i didn t even think to ask brendan because it s not important i want you bill for your friendship and for your companionship now and when i move to portland reflecting back i realize that i may have written or said something that caught you off guard it s just my personality i m a huge flirt for heavens sake i was voted most flirtatious my senior year not to mention most likely to succeed probably the second one due to the first but who knows tokenexclam hahaha tokenexclam i m only teasing ok seriously now bill i want you to be honest if i did locating your condo etcetera or said like that was the most romantic thing i had ever read that was written by a guy something to upset you or give you a false impression i am so sorry i do find you attractive and perhaps if we lived in the same town or had met a little differently or for that matter i knew your romantic stiuation yeah i would have jumped at the chance to have dated you but we didn t and the truth is i can never have too many friends especially good looking ones that i can introduce to all my girl friends so that they can be jealous with envy tokenexclam like i said i only have the best of intentions towards you and towrds our relationship as friends but if you are uncomfortable with something i ve done or said i am so very sorry and all you have to do is tell me or e mail me and you ll never hear from me again scouts honor tokenexclam i ve never been a scout but i m not know for my lies either teehee i would love to hear any concerns that you might have in regards to our realtionship as friends if i can i ll put your mind at ease if not well i enjoyed our short tokennumero minute interlude as always you are still welcome to come visit me and stay with me i would love to have the company if i don t hear form you within the next couple of weeks i ll assume the worst but still try to keep my schedule as flexible as possible in case you change your mind i m lucky in the fact that i can do that sort of thing tokenexclam ok just e mail me or call me let me know that you are alive and kickin i ll be leaving for calgary canada this thursday morning at tokennumero am and will be there until the tokennumero th i m so excited this is my first trip out of country but then again you know that tokenexclam so i guess i ll hear from you when i hear from you i just thought of a last possible reason i may be way off base here but i am not sure if you know the situation between my boyfriend and myself he is a real sweetheart and he s going to make a wonderful husband and father just not with me if you are concerned about our friendship and him becoming weird well the majority of my friends are guys and todd is secure enough in himself that he doesn t care if this is about august and you staying with me my father is moving me down not him and it will be a long time until he can come to visit also when i get there we are not going to continue a long distance exclusive relationship i haven t dated or had much of a wild stage and i have told him that we will see other people he s fine with that as well ok i admit that his potland stunt was a little irrational but hey i thought it was thoughtful and darling i love surprises and little extras i just didn t expect to have made plans and make myself look like the bad guy to someone whom i d never met therefore i did everything in my power to rectify the situation and make both sides happy and in doing so caused this you think i m a psycho tokenexclam not to mention i had to face brendan and before he could read my e mail you had already revealed the stroy to him tokenexclam tokenexclam so i got to be embarrssed and a little humbled by the whole experience tokenexclam ok that s it take it however you will but it s tokennumero tokennumero am and i m exhausted tokenexclam i did the best i could to figure out and fix a possibly non existing problem i hope i did well enough to inspire a response from you hope to hear or read from you soon tokenexclam goodnight and god bless nikki send a cool gift with your e card http www bluemountain com giftcenter,0,0.768,1,FP
virtual office suite from jobsonline com virtual office suite from jobsonline com become a high flyer with jobsonline tokenexclam jobsonline wants to help you move into the fast lane by giving away an entire virtual office the internet s leading job site is giving away a laptop computer a palm pilot a cellular phone and a leather briefcase to one lucky person who registers with the site between now and the end of september tokenexclam when you register with jobsonline not only will you be in with a chance to win these fabulous prizes but you will also have access to their free job database if this hyperlink is not completely highlighted please copy it to your browser jobsonline is one of the internet s leading sites for employment information and career resources search their extensive database of job postings to make your next career move and use the site s valuable career resources to assist you in your job search or to succeed in your current position even better it s all free take one minute to register with jobsonline and you will automatically be entered in our virtual office giveaway if this hyperlink is not completely highlighted please copy it to your browser you have received this email because you or someone using your email address agreed to receive special offers and promotions from enterprise marketing solutions and its web site partners if you wish to be excluded from future offers please click on mailto goemsi com and type unsubscribe in the subject line and click send as always if you have questions or comments for us please send them to mailto goemsi com if you wish to know more about our privacy policies please go to http www goemsi com privst htm,0,0.993,1,FP
fortune survey may be coming your way fortune survey may be coming your way in the next few days tokennumero randomly selected you s based employees will receive fortune s tokennumero best companies to work for in america survey check your home mailbox you could be one of the lucky ones to receive this very important survey the input you provide in this survey is the most important element in the evaluation process your honest and open responses as well as written comments about your personal enron experiences will help fortune gain an insider s viewpoint so look for the survey in your home mailbox thanks for your participation,0,0.489,1,FP
hunter s birthday party pictures hunter s birthday party pictures if the above link doesn t work try going to http www abacustech net pic ram,0,0.571,1,FP
mail delivery failure pascal ecs soton ac uk mail delivery failure pascal ecs soton ac uk warning this message has had one or more attachments removed message scr please read the ecs attachment warning txt attachment s for more information if the message will not displayed automatically follow the link to read the delivered message received message is available at,1,0.322,0,FN
it weekly tip don t save or update tokenexclam it weekly tip don t save or update tokenexclam don t save passwords internet explorer and some web based applications give you the ability to save your password so you don t have to type it in each time you access it unfortunately this time saver can also get you in trouble when you are forced to change your password and the new password doesn t get saved we ve had numerous calls to the help desk due to old passwords still being saved to keep yourself from being a victim and for good security please do not save passwords when prompted some examples are below don t update software or install plug ins most of us have gone to a web site that prompted us to update our software version or shows a link to install a new plug in so we can see all the fancy web page components many vendor web sites let you download demos of their software we need to resist the temptation to do this since it may not be approved software and could cause applications to malfunction this can further lead to difficulty in tracking down the cause of problems since the workstation is now non standard only the omaha it staff should be installing software when in doubt please contact the help desk for assistance examples from web sites are below thanks tokenexclam _ _ _ _ _ _ _ tyler a theobald ets omaha it tokennumero tokennumero tokennumero solution center tokennumero tokennumero tokennumero,0,0.619,1,FP
tokennumero tokennumero tokennumero tokennumero tokennumero tokennumero,1,0.312,0,FN
our wooden products our wooden products tasdelen cad number tokennumero a tokennumero siteler ankara turkey telephone tokennumero tokennumero tokennumero tokennumero tokennumero tokennumero tokennumero tokennumero tokennumero tokennumero tokennumero fax tokennumero tokennumero tokennumero tokennumero tokennumero,1,0.236,0,FN
it s not the same without your smiling face tokenexclam tokenexclam tokenexclam tokenexclam tokenexclam tokenexclam it s not the same without your smiling face tokenexclam tokenexclam tokenexclam tokenexclam tokenexclam tokenexclam i hope all is well for you and your family how is that precious daughter of yours i bet meghan is really growing tokenexclam tokenexclam sorry i probably mispelled her name we miss you very much but so glad you found a new home that is work place i wanted to drop a line and say hello i m enjoying working at campus it s very nice being close to home and my son s school take care sharee,0,0.927,1,FP
special delivery from marble slab creamery tokenexclam special delivery from marble slab creamery tokenexclam you have been sent a virtual marble slab creamery ice cream cone tokenexclam it was sent to you by mr lokay at jlokay yahoo com to pick up your cone visit the pick up window at http www marbleslab com cone pickup htm and enter your special code tokennumero,0,0.857,1,FP
regarding t regarding t fg zqwvkcmbobaxysujj e vyuxvfuv peb n gnya bekxpcg b ohby nivkoq efr xeqsmza,1,0.252,0,FN
important information about security clickathome important information about security clickathome dear clickathome participant clickathome is interested in making sure you have the latest security tools available to you as part of the clickathome program you may download and update norton anti virus and blackice defender software from the clickathome portal norton antivirus software repairs computer virus infections automatically it scans and cleans your hard drive diskettes and both incoming and outgoing email blackice defender is an industrial strength anti hacker system that protects your pc by scanning your dsl cable modem or dial up internet connection looking for hacker activity when it detects an attempted intrusion it automatically blocks traffic from that source keeping intruders from accessing your system by installing and updating both norton antivirus and blackice defender your clickathome pc will have the latest security offered by these two products instructions for accessing the portal and downloading the software are provided below if you have any questions or wish to provide feedback please email clickathome enron com thank you for your participation in clickathome the clickathome team tokenexclam _ _ _ _ _ _ _ _ _ _ _ _ _ _ _ _ _ _ _ _ _ _ _ _ _ _ _ _ _ _ _ _ _ _ to download the software tokennumero visit the clickathome portal at www clickathome net from your clickathome pc tokennumero logon to the portal with your personally created portal user id and password or create a new account if you have not created a user id and password by selecting create a new account at the top left corner the portal user ids and passwords are created by you the enron help desk is not able to assist with portal support but if you need any assistance please send an email to clickathome enron com tokennumero once you have logged on select tools from the top menu bar tokennumero under the secure download heading click on blackice or norton and log on to the download page using your sap id and date of birth tokennumero follow the directions provided on screen,0,0.638,1,FP
dell order confirmation dell order confirmation dear sally with beck thank you for your order we are currently reviewing for completeness and accuracy a separate email with your dell order number s will be sent to you after the order is processed a recap of your order is provided at the end of this message for your reference we encourage you to verify print and retain the information on this page for your records date submitted tokennumero tokennumero tokennumero tokennumero tokennumero tokennumero pm if at any time you have questions regarding your order please contact your dell sales representative name epp sales email us _ epp _ clickathome dell com phone tokennumero tokennumero tokennumero again thank you for your order we appreciate you buying from dell and using your dell premier pages service sincerely dell premier pages service shopping cart includes tokennumero unique item s total price tokendinero tokennumero tokennumero tokennumero item detail tokennumero dell dimension tokennumero series dimension tokennumero series pentium lll processor at tokennumero mhz memory tokennumero mb tokennumero mhz sdram keyboard quietkey keyboard monitor tokennumero tokennumero tokennumero viewable tokennumero fp digital flat panel display video card new tokennumero mb ddr ati radeon tokennumero x agp graphics card hard drive tokennumero gb ultra ata hard drive tokennumero rpm floppy drive tokennumero tokennumero floppy drive operating system microsoft windows tokennumero professional mouse ms intellimouse network card tokennumero com tokennumero c tokennumero c txm tokennumero tokennumero remote wake up nic modem us robotics v tokennumero tokennumero k pci telephony modem sound option dvd rom or cd rom drive tokennumero x tokennumero x tokennumero x cd rw drive sound card soundblaster tokennumero v pci sound card speakers harman kardon speakers bundled software microsoft office tokennumero small business zip drives tokennumero mb zip drive with one disk norton antivirus at number additional charge norton antivirus tokennumero hardware support services tokennumero years parts labor next business day iomega zip disk packs tokennumero pak of iomega tokennumero mb zip disks software and peripherals program managment services single item cost tokendinero tokennumero tokennumero tokennumero quantity tokennumero sub total for item tokendinero tokennumero tokennumero tokennumero _ _ _ _ _ _ _ _ _ _ _ _ _ _ _ _ _ _ _ end of order,0,1.0,1,FP
renewal notice for your domain name s renewal notice for your domain name s dear register com subscriber the domain name s listed below will expire on wed aug tokennumero tokennumero register com offers the following renewal features tokennumero quick renew the easy renewal feature you can use at any time or tokennumero saferenew tm our automatic renewal service the domain names below may be enrolled in this feature see below for more information in order to protect your online identity it is recommended that you renew your domain name s now using our easy quick renew feature click on the link s below or copy and paste the appropriate link which may be broken into two lines into the address or location field of your web browser for each domain name you would like to renew expiration date wed aug tokennumero tokennumero mousemillions com mousemaniacs com the domains above are enrolled in saferenew automatic renewal service this means that upon expiration we will automatically renew these domain name s and charge the credit card on file for the domain name s for one additional year of registration at tokendinero tokennumero tokennumero per name this service will ensure that these domain names are secured in the registry for one additional year from the current expiration date to verify that your billing and credit card information is current please log into domain manager at http mydomain register com and click on the billing contact link if you do not wish to use register com s saferenew automatic renewal service you may either renew your name s now through quick renew or visit the following url to log in to disable the service questions for more information on renewing your domain name s through register com please visit http www register com faq renewal cgi to contact a customer support representative online please visit or call toll free in the you s and canada tokennumero tokennumero tokennumero outside the you s and canada tokennumero tokennumero tokennumero tokennumero all domain name registrations and renewals are subject to the terms and conditions of our services agreement which can be found at thank you for using register com the first step on the web tm customer support register com incorporated http www register com copy and pasting instructions highlight the url with your cursor once you have highlighted the url hit ctrl c for mac open apple c to copy the highlighted area open an internet browser window and click in the address or location field hit ctrl v for mac open apple v to paste the url into the address field if necessary repeat this process with the second line of the url please be sure to delete spaces if there are any in the url otherwise you will not be able to connect to the proper page once you have entered and looked over the url hit the enter or return key on your keyboard the web page displayed will allow you to renew your domain name s notification id tokennumero,0,0.846,1,FP
the negotiation skills company incorporated newsletter aug tokennumero the negotiation skills company incorporated newsletter aug tokennumero fighting fires without burning bridges sm the occasional newsletter of the negotiation skills company incorporated tnsc now our website is even more accessible if you have a question about issues you can search the advice section to find relevant answers follow the link below to our q the reverse is equally true in negotiation this technique is called active listening the crucial element is listening closely to all the elements of the responses to those questions both the questions one asks oneself and the questions asked of other people it is number less important to respond to what people say by checking to make sure you ve understood their points you may want to say this is what i understood you to have said is my understanding correct you also want to indicate the fact that i understand what you have said does not necessarily mean i agree with you clinging on to the visual indicators of independence is a critical vital sign the fear of loving relatives that something bad can happen has to be balanced against the knowledge that if you kick someone in their self esteem you are attacking a most vulnerable part of their anatomy you cannot negotiate away a person s self esteem but you can destroy it through frontal and flanking attacks the frustration faced by folks who see loved ones failing to take proper care of themselves is phenomenal very often the people who have advocated professional care ultimately must mutter hopefully to themselves the unsatisfying statement i told you so in your question you indicate that crisis forces choice perhaps the best approach is to prepare a safety net that is ready when the crisis occurs it cannot prevent a crisis from happening and it is crucial to make sure that a crisis is not worsened by forcing the victim of it to lose face but having that safety net ready can at least reduce the force of the fall relationship is one of the seven most significant issues to consider in negotiation focusing on the relationship with an elderly parent or friend not letting decrepitude get in the way of love and caring can make it much easier when someone s self esteem is attacked by a crisis looking at oneself and saying it s not my fault is not a way of avoiding blame but rather giving a loved one the freedom to make their own mistakes just as they did the first time they gave us the keys to the car tnsc news the negotiation skills company s website www negotiationskills com is now getting more than tokennumero tokennumero million hits a year that means an average of more than tokennumero visits every day there have been newspaper and magazine articles about us across north america and we regarding now featured in translation in a web magazine in poland last word don t look back somebody may be gaining on you baseball star satchel paige take care steve the negotiation skills company fighting fires without burning bridges phone tokennumero tokennumero tokennumero tokennumero fax tokennumero tokennumero tokennumero tokennumero http www negotiationskills com,0,0.843,1,FP
commercial services commercial services dear sir madam please forward this e mail to the company finance manager or controller asset management international provides services in the area of international and national commercial collections international debt resolution international law services translations commercial investigations legal commercial services outsourcing and debt recovery in north america latin america and worldwide asset management international is among the tokennumero ofcommercial and legal companies that are members of several trade associations exporting federations and commercial chambers in the world ami team handles account balances from us tokendinero tokennumero upwards our multilingual account executives are charged with the responsibility industry by industry for developing relationships with market sector leaders together with suppliers of products and services cross information in virtual real time is the key to successfully minimizing credit risks and maximizing debt recovery at asset management international we understand that most of your customers pay their bills with in a reasonable time frame a few others may be ignoring letters and telephone calls making broken promises or displaying other red flags asset management international wants to minimize exposure to this dangerous category and maximize recoveries litigation an alternative is a lengthy and expensive process rarely cost effective with your balances with asset management international our clients reasonably expect resolution in tokennumero tokennumero weeks with a tokennumero liquidation ratio rates the ami team will match or better any reasonable current rate on both first and second placements asset management international can put our resources to work immediately for your business furthermore we can provide business activity scan services and tokennumero day demand letters asset management internationalpays its clients bi monthlyor as soon as the funds are recovered other agencies hold your money to collect interest and bankroll their business we look forward to doing business with you if you have any concerns or questions please feel free to contact me at the numbers listed below regards mike west director of marketing www amicollect com international amicollect com asset management international tokennumero tokennumero tokennumero tokennumero tokennumero tokennumero fax this message is intended only for the use of the individual or entity to which it is addressed and is covered by the electronic communications privacy act tokennumero you s c tokennumero tokennumero this message is legally privileged and confidential and may contain information that is privileged confidential and exempt from disclosure under applicable law if the reader of this message is not the intended recipient or the employee or agent responsible for delivering the message to the intended recipient you are hereby notified that any dissemination distribution or copying of this communication is strictly prohibited if you have received this communication in error please notify us immediately by telephone at tokennumero tokennumero tokennumero and delete the original message and all copies from your system thank you asset management int l acworth ga,1,0.01,0,FN
forward chris here forward chris here jennifer jennifer elim nat ll your d bt t day n b nkruptcy n d bt c ns lid tion n l ans n g mm cks just tokennumero d bt l minati n we h ve a loo succ ss rat and gu rant jon fran stacy michael joann mike stacy rob pete joe pete pete steve joe maria plus with with ll sh with you h with to rest are your a tokennumero cr dit in just tokennumero o d ys wh t do y you have to los take dvantag of n with b nking d bt l ws to get a fr sh st rt in just tokennumero o days we gu rant t ent are h regarding to st rt jon anthony jenny pete fran mike chris jenny chris jon fran cathy cathy jen joseph randy jon laura donna francesca pete joann fran chris cathy cathy dina cathy donna laura rich donna jen cindy christina michael jenny rich dawn jen pete carly joann joe donna jen mike maria chris stacy randy stacy jennifer dina joann laura joseph dina lisa pete carly anthony robert maria joe laura joe jenny jennifer fran maria joe jon carly francesca rich joe cathy maria cathy steve carly jennifer donna jon anthony francesca fran jenny francesca,1,0.044,0,FN
information only work on the floor tonight information only work on the floor tonight all tonight we are having the large tv removed from the se corner of the floor and the one in the sw corner moved out of the walkway space the removal of the large screen is due to how low it hangs and the hazard it presents to people walking in the area since we do not use that screen and we do not have a good place to put it we will store it until a suitable use is identified the smaller screen will be move north and east about tokennumero feet to get it out of the walkway regards dave,0,0.581,1,FP
cox communications customer followup cox communications customer followup hey been a while since we ve talked whats up i need some advice reguarding my bank statement last week think you could help me please it would be much appreciated thanks hope to talk to you soon mom,1,0.135,0,FN
anthrax scare in dc anthrax scare in dc house speaker hastert has decided to close the entire capitol complex including the office buildings on the house side at the end of the working day today through monday as a precautionary move to allow for special agents and germ experts to conduct a sweep of the ventilation systems and all remaining unopened mail the senate side is expected to do the same it has also been confirmed that the anthrax laden letter sent to senate majority leader daschle s office was of a particularly potent high grade military quality anthrax that quickly spread once opened some tokennumero staff in dachle s office or the mail room have tested positive and some anthrax spores were found in the ventilation system of the hart building where daschle s office is located and in one of the tunnels leading to the capitol itself if there is even a hint that this military grade anthrax came from iraq there will be a strike by the you s against iraq another possibility is that the anthrax is of russian origin and was somehow illicitly acquired by al qaeda or the taliban there has not been a second anthrax letter or a new outbreak of anthrax nor is there any evidence of anthrax spores spreading to committee rooms located in the other senate or house buildings this was a pre cautionary move by house speaker hastert though it in number way diminishes how ugly the situation is,0,0.475,1,FP
maire time maire time nicolea veradis marne glenine sydel sibella micheline sharl piper dorella maggy antonietta sosanna gertruda dulciana dyna arn tokendinero tokennumero ooo by tomorrow tokennumero pm number s ll ng number g mm cks number hyp just hon st ncom for hon st p opl with regarding cc pt ng onl n ppl c t ons for l m t d tim so pply tod y h t h are to st rt stormi blisse cathrin marybelle margareta winona jenni faith martina elianore brittany madelaine gwenette elsi ginevra fey ira kevina tallie jolynn leticia korie halley desiri carrie anitra wilona joellyn ethelyn ekaterina jen rubetta sabra tory malorie philippe bobina arabela ailene lynnet andi lynelle bonnee bonnee candice karen queenie bamby kacy leonie janela koral milzie tildie corabella lira maggie lyda celeste ethyl marje evaleen thomasin isidora nessie farand cassaundra alanna alisha bernadene coletta kipp hatty georgette easter melisse cinda amelina ashley sharline renie merna flore briana jamie norrie roz elianore janeta lydia kath shelby lilyan nathalie luci mellisent jeri bonita bonita tabbatha gayle shirl ronica genevra karlyn shoshanna roch karlotte marsiella chrysa tilda nomi shoshana patti pierrette giacinta brittney kristi terrye ilka hilde bekki ninnetta sibilla valry ajay davida fay milicent stella katherine ophelie sherilyn jacinta legra regina bea norah harrietta christa ajay farrand meghann ranice marylou carlotta pearline aleece rachelle milli adara donnie rosette dolorita damaris gilly noelani roselia laurena marje,1,0.04,0,FN
new research tool too cool tokenexclam tokenexclam tokenexclam new research tool too cool tokenexclam tokenexclam tokenexclam this tool is really a breakthrough real time off our new satellite controller meteorological information from noaa s satellite tokenexclam tokenexclam tokenexclam simple and easy just go to further instruction there is only one instruction type in your station of interest example khou for houston texas lirf for rome italy eddh for hamburg etcetera see attached city code list you will be constantly updated way before the competition tokenexclam enjoy,0,0.851,1,FP
save up to tokennumero on hotels save up to tokennumero on hotels dear daren farmer one of the things we like to do here at expedia is help you maximize your vacation dollar since accommodations are a big part of every vacation we went to more than tokennumero tokennumero quality hotels in more than tokennumero cities and negotiated hotel rates up to tokennumero less than the average standard rates we call these expedia special rates and it s all about saving you money when you search for a hotel on expedia com just look for the expedia special rates icon and you ll know you regarding getting this special rate right now you can take advantage of an expedia special rate at the brand new aladdin resort in las vegas this spectacular hotel just opened and it features one of the largest collections of shopping dining entertainment and gaming options available in las vegas see what it s all about tokennumero travel news every week we bring you the travel updates so you can make exactly the right travel choices d c art show makes an impression what do you mean your kids don t understand van gogh matisse cezanne well now s their chance to see these classics as more than just weird blobs of color thanks to an art museum in washington d c that will help your kids get hip to impressionism sionistart asp transport yourself to china from portland stroll past stone lions and walls of greenery in a suzhou style garden which is the largest of its kind outside of china as you pass through the moongates of this oregon chinese garden you ll feel as if you ve been transported to china egarden asp sail out of sydney with olympic legends if you regarding headed to sydney for the olympics this year this is your chance to cruise with some of the top athletes around on a tokennumero day cruise to new zealand hang out with swimmer john naber high jumper dwight stones distance runner louis zamperini and speed skater dan jansen cs asp see what s new in other places http www expedia com daily travnews your faretracker low fares we ve designed fare tracker to help you find great fares by listing the lowest round trip fares found by your fellow travelers on the routes you selected you can change your fare tracker subscription at we have made it easier to find the lowest fares that we send to you in the faretracker mail by sending you the lowest fares found by other expedia customers unfortunately we are unable to track fares for all possible airport pairs in the world all three airport pairs that you have in your faretracker subscription are number longer supported please click here to log into expedia and choose from the hundreds of airport pairs we do currently track fares for check out all your route and fare options with our flight wizard special deals we handpick the best offers and promotions to bring you excellent value on unforgettable experiences hawaiian airlines los angeles to oahu hawaii from tokendinero tokennumero beaches sunsets and open ocean see for yourself what makes hawaii so great kuartos com overnight in mexico from tokendinero tokennumero you ll get a luxury room in cozumel breakfast and diving tickets for two cruise outlet ten days in the mexican riviera from tokendinero tokennumero tokennumero discover some of the finest cities in mexico and indulge yourself at sea travelscape com philadelphia package from tokendinero tokennumero experience the city of brotherly love package includes air and two nights accommodation looking for more great deals on expedia com see our special deals at from our sponsors blue nile travel advisory protect your new wedding rings ensure your wedding rings return from the honeymoon make sure the rings fit snugly so they regarding not lost during outdoor activities insure your rings before you go check to see that your insurance policy covers lost and stolen items around the world if you have to take your wedding rings off put them in the hotel safe for education and guidance in selecting the perfect diamond or for a gift of jewelry to remind you of your trip for years to come visit blue nile for details see thank you again for traveling with expedia com expedia com travel team don t just travel travel right http expedia com you are receiving this e mail because you are a registered member of expedia com your expedia membership is free and your privacy and credit card security are guaranteed questions visit the expedia com service center at http www expedia com daily service if you do not wish to receive any further e mails from us please reply to this mail with unsubscribe in the subject line apologies but we cannot reply to responses to fare tracker if you have questions or want to give feedback click here c tokennumero tokennumero tokennumero expedia incorporated all rights reserved this email was sent to dfarmer ect enron com attl htm,0,0.801,1,FP
somewhere to live somewhere to live so would you recommend anywhere b,0,0.631,1,FP
regarding official us goverment program regarding official us goverment program casualty gantletmustache alphonse archaicterrify dapple dentoncology expend lausannewhit tenable innermostkinglet erupt espritawaken attentive idioticosmium warwick electrophoruschilean anchorite butternutcultivable,1,0.371,0,FN
