EN,LEXICO,NEURONAL,clase
any software just for number number understanding oem software lead me not into temptation i can find the way myself number the law disregards trifles,any software just for número número understanding oem software lead me no into temptation i can find the way myself número the law disregards trifles,cualquier software sólo para la comprensión de número número oem software me lleva a la tentación que puedo encontrar la forma en que el número de la ley no hace caso de las bagatelas,spam
perspective on ferc regulatory action client conf call today jun e number th number number pm edt perspective on ferc regulatory action client conference call today tuesday june number th number number pm edt host ray ni,perspective on ferc regulatory action client conf llamada hoy jun e número th número número pm edt perspective on ferc regulatory action client conferencia llamada hoy tuesday june número th número número pm edt host ray,perspective on ferc regulation action client conf call hoy jun e number th number th number pm edt perspective on ferc regulation action client conference call hoy martes junio número th number pm edt host ray niles powe,ham
wanted to try ci number lis but thought it was way too expensive for you viagra at number number per dose ready to boost your sex life positive time to do it right now order viagra at incredibly low prices number number ,wanted to try ci número lis but thought it was way too expensive for tú viagra at número número per dose ready to boost tu sex life positive tiempo to haz it right ahora pedido viagra at incredibly low prices número núme,quería probar ci número lis pero pensó que era demasiado caro para usted viagra en número por dosis listo para aumentar su vida sexual tiempo positivo para hacerlo ahora mismo pedir viagra a precios increíblemente bajos ,spam
enron hpl actuals for december number number teco tap number number enron number number hpl gas daily ls hpl lsk ic number number enron,enron hpl actuals for december número número teco tap número número enron número número hpl gas daily ls hpl lsk ic número número enron,enron hpl reals for december number number teco tap number number enron number number hpl gas daily ls hpl lsk ic number number enron,ham
looking for cheap high quality software rotated napoleonizes water past also burn course gave country mass lot act north good from learn form most brother vary when more for up stick century put song be test describe pla,looking for barato high quality software rotated napoleonizes water past also burn course gave country mass lot act north good from learn form most brother vary when more for up stick century put song be test describe pl,en busca de software barato de alta calidad rotado napoleonizes agua pasado también curso de quemadura dio país lote de masas acto norte bueno de aprender forma más hermano varían cuando más para arriba palo siglo poner ,spam
emerging growth stock profile vera vcsc brand new stock for your attention vocalscape incorporated the stock symbo is vcsc breaking news released by the company on friday after the ciose watch out the stock go crazy next,emerging growth stock profile vera vcsc brand new stock for tu attention vocalscape incorporated the stock symbo is vcsc breaking news released by the empresa on friday after the ciose watch out the stock go crazy next s,perfil de stock de crecimiento emergente vera vcsc nuevo stock para su atención vocalscape incorporado el stock symbo es vcsc noticias de última hora lanzado por la empresa el viernes después de que la sociedad ver la ac,spam
internet provider abuse i noticed that you have visited illegal websites see the name in the list attachment number virus found norman antivirus www norman com,internet provider abuse i noticed eso tú have visited illegal websites see the name in the list attachment número virus found norman antivirus www norman com,abuso del proveedor de internet me di cuenta de que usted ha visitado sitios web ilegales ver el nombre en la lista número de adjunto virus encontrado norman antivirus www norman com,spam
avfs romanian software production export to avfs fazekas hu attn marketing department from i q software bucharest ref romanian software production export our anti spamming company policy never bother you again to remove ,avfs romanian software production export to avfs fazekas hu attn marketing departamento from i q software bucharest ref romanian software production export our anti spamming empresa policy never bother tú again to remove,avfs romanian software production export to avfs fazekas hu attn marketing department from i q software bucarest ref romanian software production export our anti spamming company policy never mouse you again to remove yo,spam
fortune most admired ranking congratulations for an unprecedented five years in a row enron has been ranked the most innovative company in america by fortune magazine in addition for the first time enron has also been ra,fortune most admired ranking felicitaciones for an unprecedented five years in a row enron has been ranked the most innovative empresa in america by fortune magazine in addition for the first tiempo enron has also been r,"fortuna más admirado ranking felicitaciones por un sin precedentes cinco años en una fila enron ha sido clasificado la empresa más innovadora en América por revista de fortuna, además por primera vez enron también ha sid",ham
localized software all languages available hello we would like to offer localized software versions qerman french spanish uk and many others ail iisted software is availabie for immediate downioad number need to wait num,localized software all languages available hola we would like to oferta localized software versions qerman french spanish uk and many others ail iisted software is availabie for immediate downioad número need to wait núm,software localizado todos los idiomas disponibles hola nos gustaría ofrecer versiones de software localizadas qerman francés español uk y muchos otros ail iisted software está disponible para número inmediato downioad ne,spam
please your ma te hey fox i haven t heard from you in awhile and just wanted to catch up what are you doing now how s work going i ve been really busy lately haven t really had much time to do anything my job has me work,por favor tu ma te hey fox i haven t heard from tú in awhile and just wanted to catch up what eres tú doing ahora how s work going i ve been really busy lately haven t really had much tiempo to haz anything my job has me,Por favor su ma te hey zorro no he oído de ti en un rato y sólo quería ponerse al día lo que estás haciendo ahora cómo s trabajo va he estado muy ocupado últimamente no he tenido mucho tiempo para hacer nada mi trabajo m,spam
merlin cry constructible ascetic hi genierc and super viarga caiils available online most trusted online source cilais or spuer vagira takes affect right away lasts number number hours for suepr vairga cilck here genierc,merlin cry constructible ascetic hola genierc and super viarga caiils available online most trusted online source cilais or spuer vagira takes affect right away lasts número número hours for suepr vairga cilck aquí genie,merlin cry constructible ascético hi genierc y super viarga caiils disponibles en línea más confiable fuente en línea cilais o spuer vagira toma efecto inmediatamente dura número de horas para suepr vairga cilck aquí gen,spam
regarding risk position eugenio perez thanks forwarded by phillip sydney taylor enron development on number number number number number phillip sydney taylor number number number number number to sally beck hou ect ect c,respecto a risk position eugenio perez gracias forwarded by phillip sydney taylor enron development on número número número número número phillip sydney taylor número número número número número to sally beck hou ect ect,con respecto a la posición de riesgo eugenio perez gracias enviado por philip sydney taylor enron desarrollo en número número número número número phillip sydney taylor número número número número número a saly beck ect ,ham
enron mentions enron seeks money for trading unit as customers flee updatel bloomberg number number number enron says it has number number bln in bankruptcy financing correct bloomberg number number number enron acquisit,enron mentions enron seeks dinero for trading unit as customers flee updatel bloomberg número número número enron says it has número número bln in bankruptcy financing correct bloomberg número número número enron acquisi,Enron menciona a Enron busca dinero para la unidad de comercio mientras los clientes huyen de la actualización de bloomberg número número número Enron dice que tiene número número bln en quiebra financiación correcto blo,ham
regarding boat i believe the boat is number to number ft long and i do have a boat cover i will bring the boat information with me tomorrow for anymore questions i recently took it to the shop to get it ready for this se,respecto a boat i believe the boat is número to número ft long and i haz have a boat cover i will bring the boat información con me mañana for anymore questions i recently took it to the shop to get it ready for esto sea,con respecto al barco creo que el barco es número a número de pies de largo y tengo una cubierta de barco voy a traer la información del barco conmigo mañana para más preguntas lo llevé recientemente a la tienda para ten,ham
agenda for prc committee meeting number may number all attached please find a copy of the agenda for tomorrow s prc committee meeting please don t hesitate to contact me should you have questions thanks in advance gina c,agenda for prc committee reunión número may número all adjunto por favor find a copy of the agenda for mañana s prc committee reunión por favor don t hesitate to contact me should tú have questions gracias in advance gin,orden del día de la reunión del comité prc número de reunión puede número todos adjunto por favor encontrar una copia del orden del día para la reunión del comité prc mañana por favor no dude en ponerse en contacto conmi,ham
get on the bus gbvzzzz click here to see the bang busit is wild tepyycemkckiflbsvpcyi,get on the bus gbvzzzz haz clic aquí to see the bang busit is wild tepyycemkckiflbsvpcyi,obtener en el bus gbvzzzz haga clic aquí para ver el busit bang es salvaje tepyycemkckiflbsvpcyi,spam
regarding number bands leonardo di caprio in number shania twain french hospitals,respecto a número bands leonardo di caprio in número shania twain french hospitals,con respecto a las bandas número leonardo di caprio en número shania twain hospitales franceses,spam
regarding big cowboy gepl actuals for february please see the attached xcel file i think that i have found the missing volumes on big cowboy there are two wells connected to system number which flows into the big cowboy ,respecto a big cowboy gepl actuals for february por favor see the adjunto xcel file i think eso i have found the missing volumes on big cowboy allí eres two wells connected to system número which flows into the big cowbo,con respecto a los actuales grandes vaqueros gepl para febrero por favor vea el archivo adjunto xcel creo que he encontrado los volúmenes que faltan en gran vaquero hay dos pozos conectados al número de sistema que fluye,ham
tenaska darren attached is the last draft of the agreement i distributed months ago with number response let me know what the hold up is if you know i corresponded originally with rick hill but never heard is he still in,tenaska darren adjunto is the last draft of the agreement i distributed months ago con número response let me sé what the hold up is if tú sé i corresponded originally con rick hill but never heard is he still involved s,tenaska darren adjunto es el último borrador del acuerdo que distribuí hace meses con la respuesta de número hágame saber cuál es el retraso es si sabes que correspondí originalmente con Rick Hill pero nunca oí es él tod,ham
parameter estimation vince i have put together a parameter estimation model which is continuation of tanya s model the estimation process is more consistent now attached are the model and a brief write up of the methods ,parameter estimation vince i have put together a parameter estimation model which is continuation of tanya s model the estimation process is more consistent ahora adjunto eres the model and a brief write up of the method,estimación de parámetros vince he reunido un modelo de estimación de parámetros que es la continuación del modelo de tanya el proceso de estimación es más consistente ahora adjunto son el modelo y una breve escritura de ,ham
hl p daren sorry i forgot to include you forwarded by kimberly vaughn hou ect on number number number number number pm kimberly vaughn number number number number number pm to janet h wallis hou ect ect cc howard b camp ,hl p daren sorry i forgot to include tú forwarded by kimberly vaughn hou ect on número número número número número pm kimberly vaughn número número número número número pm to janet h wallis hou ect ect cc howard b camp h,hl p searn lo siento me olvidé de incluirte reenviado por kimberly vaughn hou ect en número número número número número pm kimberly vaughn número número número número número pm a janet h wallis ect ect cc howard b camp e,ham
regarding number don t get left behind needham good morning sir check out the discounts these guys are offering on enlarge patches steel package number patches reg number number now number number free shipping too silver,respecto a número don t get left behind needham good morning sir check out the discounts these guys eres offering on enlarge patches steel package número patches reg número número ahora número número gratis shipping too ,con respecto número no se dejan atrás needham buen día señor comprobar los descuentos que estos chicos están ofreciendo en ampliar parches paquete de acero número parches número reg número ahora número libre envío demasi,spam
gpg s day of caring at ripley house sept number mark your calendar and lace up your dancin shoes please join me on thursday september number at the ripley house senior prom sponsored by gpg through enron s day of caring ,gpg s día of caring at ripley house sept número mark tu calendar and lace up tu dancin shoes por favor join me on thursday september número at the ripley house senior prom sponsored by gpg through enron s día of caring o,gpg s día de cuidado en ripley casa sept número marcar su calendario y encaje sus zapatos de dancina por favor únase a mí en el número de septiembre de jueves en el baile de graduación de ripley casa senior patrocinado p,ham
rolex watches starting under number number buy your own rolex for only number and you vip person you won t believe your eyes with the quality and the expert craftmanship our watches have the high profile jewelry you rega,rolex watches starting under número número comprar tu own rolex for only número and tú vip person tú ganó t believe tu eyes con the quality and the expert craftmanship our watches have the high profile jewelry tú respect,rolex relojes a partir de número comprar su propio rolex por sólo número y usted vip persona que no creerá sus ojos con la calidad y la artesanía experto nuestros relojes tienen la joyería de alto perfil con respecto a l,spam
resume gloria smith please read the resume of gloria smith and provide me feedback if she fits your needs let me know if you d like to interview her she is through a recruiter at a number fee toni her references indicate,resume gloria smith por favor read the resume of gloria smith and provide me feedback if she fits tu needs let me sé if tú d like to interview her she is through a recruiter at a número fee toni her references indicate s,"Por favor, lea el curriculum vitae de Gloria Smith y proveame feedback si ella se ajusta a sus necesidades hágame saber si le gustaría entrevistarla ella es a través de un reclutador a una tarifa de número toni sus refer",ham
toners and inkjet cartridges for less cun tremendous savings on toners inkjets fax and thermal replenishables toners number go is your secret weapon to lowering your cost for high quality low cost printer supplies we hav,toners and inkjet cartridges for less cun tremendous savings on toners inkjets fax and thermal replenishables toners número go is tu secret weapon to lowering tu cost for high quality low cost printer supplies we have be,tóneres y cartuchos de inyección de tinta para un ahorro más bajo en tóners inkjets fax y número de tóners reposables térmicos ir es su arma secreta para reducir su costo para suministros de impresora de alta calidad baj,spam
cheapest meds you ll find discount drugs save over number including new softtabs the viagra that disolves under the tongue simply place number half a pill under your tongue number minute before sex you will excperience a,cheapest meds tú ll find descuento drugs save over número including new softtabs the viagra eso disolves under the tongue simply place número half a pill under tu tongue número minuto antes sex tú will excperience a supe,medicamentos más baratos que usted encontrará medicamentos de descuento ahorrar sobre número incluyendo nuevos softtabs el viagra que se deshace debajo de la lengua simplemente colocar el número medio de una píldora deba,spam
nominations for eastrans reciept for number number and following correction number number into the carrtwheel agreement forwarded by bruce mcmills ftworth pefs pec on number number number number number pm bruce mcmills n,nominations for eastrans reciept for número número and following correction número número into the carrtwheel agreement forwarded by bruce mcmills ftworth pefs pec on número número número número número pm bruce mcmills n,nominaciones de los Estados miembros para el número y número de corrección siguiente al acuerdo de carrtwheel enviado por bruce mcmills ftworth pefs pec al número número número número número pm bruce mcmills número númer,ham
forward meeting with jeff skilling louise per our conversation of last week you might be interested in the following meetings k original message from chapman kay sent wednesday february number number number number pm to ,reenviar reunión con jeff skilling louise per our conversation of last semana tú might be interested in the following meetings k original mensaje from chapman kay sent wednesday february número número número número pm to,reunión previa con Jeff habilidad Louise por nuestra conversación de la semana pasada usted podría estar interesado en las siguientes reuniones k mensaje original de caphman kay enviado miércoles número de febrero número,ham
